{"_wandb":{"runtime":72},"_runtime":72,"step":3000,"loss":93.89270782470703,"grad_norm":1.0000000701149745,"_timestamp":1.7526135664510434e+09,"_step":29}